[
    {
        "timestamp": "2025-07-24 18:00:28",
        "category": "uncategorized",
        "text": "Nova",
        "tags": [],
        "due_date": null
    },
    {
        "timestamp": "2025-07-24 18:00:40",
        "category": "reminder",
        "text": "Remind me to take the trash out",
        "tags": [],
        "due_date": null
    },
    {
        "timestamp": "2025-07-24 18:00:50",
        "category": "uncategorized",
        "text": "Tomorrow at 2am",
        "tags": [],
        "due_date": "2025-07-25 02:00:00"
    },
    {
        "timestamp": "2025-07-24 18:04:30",
        "category": "reminder",
        "text": "Remind me to call John tomorrow",
        "tags": [],
        "due_date": "2025-07-25 18:04:30"
    },
    {
        "timestamp": "2025-07-24 18:12:31",
        "category": "uncategorized",
        "text": "Nova",
        "tags": [],
        "due_date": null
    },
    {
        "timestamp": "2025-07-24 18:12:44",
        "category": "recurring_reminder",
        "text": "Remind me to go shower every day at 5pm",
        "tags": [],
        "due_date": null,
        "recurring": "every day"
    },
    {
        "timestamp": "2025-07-24 18:13:33",
        "category": "task",
        "text": "We need to finish the nova ai assistant in one year #nova",
        "tags": [
            "#nova"
        ],
        "due_date": null
    },
    {
        "timestamp": "2025-07-24 18:13:44",
        "category": "uncategorized",
        "text": "Tomorrow",
        "tags": [],
        "due_date": "2025-07-25 18:13:44"
    },
    {
        "timestamp": "2025-07-24 18:16:57",
        "category": "uncategorized",
        "text": "We need to cook dinner #food #dinner",
        "tags": [
            "#food",
            "#dinner"
        ],
        "due_date": null
    },
    {
        "timestamp": "2025-07-24 18:17:17",
        "category": "reminder",
        "text": "Remind me to check the oven #dinner",
        "tags": [
            "#dinner"
        ],
        "due_date": null
    },
    {
        "timestamp": "2025-07-24 18:17:23",
        "category": "uncategorized",
        "text": "In 5 minutes",
        "tags": [],
        "due_date": null
    },
    {
        "timestamp": "2025-07-24 18:25:06",
        "category": "task",
        "text": "Plan my day",
        "tags": [],
        "due_date": null
    },
    {
        "timestamp": "2025-07-24 18:25:32",
        "category": "task",
        "text": "Now plan day",
        "tags": [],
        "due_date": null
    },
    {
        "timestamp": "2025-07-24 18:25:32",
        "category": "task",
        "text": "Now plan day",
        "tags": [],
        "due_date": null
    },
    {
        "timestamp": "2025-07-24 18:26:03",
        "category": "uncategorized",
        "text": "Agent status",
        "tags": [],
        "due_date": null
    },
    {
        "timestamp": "2025-07-24 18:26:03",
        "category": "uncategorized",
        "text": "Agent status",
        "tags": [],
        "due_date": null
    },
    {
        "timestamp": "2025-07-24 18:40:42",
        "category": "task",
        "text": "My goal is to do 10 pull ups right now I can do 5 with no assistance",
        "tags": [],
        "due_date": null
    },
    {
        "timestamp": "2025-07-24 18:40:42",
        "category": "task",
        "text": "My goal is to do 10 pull ups right now I can do 5 with no assistance",
        "tags": [],
        "due_date": null
    },
    {
        "timestamp": "2025-07-24 18:41:55",
        "category": "task",
        "text": "Create milestone 5 pull ups",
        "tags": [],
        "due_date": null
    },
    {
        "timestamp": "2025-07-24 18:41:55",
        "category": "task",
        "text": "Create milestone 5 pull ups",
        "tags": [],
        "due_date": null
    },
    {
        "timestamp": "2025-07-24 18:43:07",
        "category": "uncategorized",
        "text": "Tasks",
        "tags": [],
        "due_date": null
    },
    {
        "timestamp": "2025-07-24 18:43:14",
        "category": "uncategorized",
        "text": "What are my tasks",
        "tags": [],
        "due_date": null
    },
    {
        "timestamp": "2025-07-24 18:43:14",
        "category": "uncategorized",
        "text": "What are my tasks",
        "tags": [],
        "due_date": null
    },
    {
        "timestamp": "2025-07-24 18:50:26",
        "category": "uncategorized",
        "text": "Clear chat",
        "tags": [],
        "due_date": null
    },
    {
        "timestamp": "2025-07-24 18:57:08",
        "category": "task",
        "text": "Remind me to finish my nova project #nova",
        "tags": [
            "#nova"
        ],
        "due_date": null
    },
    {
        "timestamp": "2025-07-24 18:57:19",
        "category": "recurring_reminder",
        "text": "Every day",
        "tags": [],
        "due_date": null,
        "recurring": "every day"
    },
    {
        "timestamp": "2025-07-24 18:58:15",
        "category": "uncategorized",
        "text": "Whatdahelli",
        "tags": [],
        "due_date": null
    },
    {
        "timestamp": "2025-07-24 18:58:15",
        "category": "uncategorized",
        "text": "Whatdahelli",
        "tags": [],
        "due_date": null
    },
    {
        "timestamp": "2025-07-24 18:58:52",
        "category": "uncategorized",
        "text": "Important task",
        "tags": [],
        "due_date": null
    },
    {
        "timestamp": "2025-07-24 18:58:52",
        "category": "uncategorized",
        "text": "Important task",
        "tags": [],
        "due_date": null
    },
    {
        "timestamp": "2025-07-24 19:10:43",
        "category": "reminder",
        "text": "Remind me to call my parents",
        "tags": [],
        "due_date": null
    },
    {
        "timestamp": "2025-07-24 19:10:43",
        "category": "reminder",
        "text": "Remind me to call my parents",
        "tags": [],
        "due_date": null
    },
    {
        "timestamp": "2025-07-24 19:11:42",
        "category": "uncategorized",
        "text": "Analyse",
        "tags": [],
        "due_date": null
    },
    {
        "timestamp": "2025-07-24 19:13:10",
        "category": "task",
        "text": "I want to finish nova project #nova",
        "tags": [
            "#nova"
        ],
        "due_date": null
    },
    {
        "timestamp": "2025-07-24 19:13:22",
        "category": "uncategorized",
        "text": "Tomorrow at 3pm",
        "tags": [],
        "due_date": "2025-07-25 15:00:00"
    },
    {
        "timestamp": "2025-07-24 19:13:22",
        "category": "uncategorized",
        "text": "Tomorrow at 3pm",
        "tags": [],
        "due_date": "2025-07-25 15:00:00"
    }
]