{
  "patterns": {
    "time_preferences": {
      "day_3": 350,
      "peak_hours": [
        18,
        19
      ],
      "uncategorized_preferred_time": 18.157894736842106,
      "reminder_preferred_time": 18.4,
      "task_preferred_time": 18.1
    },
    "category_patterns": {
      "counts": {
        "uncategorized": 19,
        "reminder": 5,
        "recurring_reminder": 2,
        "task": 10
      },
      "transitions": [
        [
          [
            "uncategorized",
            "uncategorized"
          ],
          9
        ],
        [
          [
            "task",
            "task"
          ],
          5
        ],
        [
          [
            "uncategorized",
            "reminder"
          ],
          4
        ],
        [
          [
            "reminder",
            "uncategorized"
          ],
          4
        ],
        [
          [
            "task",
            "uncategorized"
          ],
          4
        ],
        [
          [
            "uncategorized",
            "task"
          ],
          4
        ],
        [
          [
            "uncategorized",
            "recurring_reminder"
          ],
          1
        ],
        [
          [
            "recurring_reminder",
            "task"
          ],
          1
        ],
        [
          [
            "task",
            "recurring_reminder"
          ],
          1
        ],
        [
          [
            "recurring_reminder",
            "uncategorized"
          ],
          1
        ]
      ],
      "primary_focus": "uncategorized"
    },
    "productivity_patterns": {
      "avg_task_complexity": 38.8,
      "active_projects": {
        "#nova": 3
      },
      "due_date_usage": 0.0
    },
    "language_patterns": {
      "avg_text_length": 22.166666666666668,
      "common_words": [
        [
          "to",
          12
        ],
        [
          "nova",
          8
        ],
        [
          "my",
          8
        ],
        [
          "remind",
          7
        ],
        [
          "me",
          7
        ],
        [
          "tomorrow",
          5
        ],
        [
          "day",
          5
        ],
        [
          "5",
          5
        ],
        [
          "at",
          4
        ],
        [
          "now",
          4
        ],
        [
          "do",
          4
        ],
        [
          "pull",
          4
        ],
        [
          "ups",
          4
        ],
        [
          "the",
          3
        ],
        [
          "call",
          3
        ],
        [
          "finish",
          3
        ],
        [
          "dinner",
          3
        ],
        [
          "plan",
          3
        ],
        [
          "i",
          3
        ],
        [
          "tasks",
          3
        ]
      ],
      "hashtag_usage": 0.16666666666666666
    },
    "project_patterns": {
      "#nova": {
        "entry_count": 3,
        "avg_interval_days": 0,
        "categories": {
          "task": 3
        }
      }
    },
    "completion_patterns": {}
  },
  "user_model": {
    "preferred_times": [
      18,
      19
    ],
    "work_style": "balanced",
    "priority_style": "importance",
    "communication_style": "minimal",
    "notification_preference": "moderate",
    "project_approach": "sequential"
  },
  "last_updated": "2025-07-24T19:13:22.068592"
}